HLA-DQA10105-DQB10316,CNYHEGGGARVAHIMYFAYTYYDVRTETVHLETT
HLA-DQA10105-DQB10317,CNYHEGGGARVAHIMYFGGTYYDVRTETVHLETT
HLA-DQA10105-DQB10318,CNYHEGGGARVAHIMYFGLTYYAVRTETVHLETT
HLA-DQA10105-DQB10319,CNYHEGGGARVAHIMYFAYTYYDVRTETVHLETT
HLA-DQA10105-DQB10320,CNYHEGGGARVAHIMYFGLTYYDVRTETVHLETT
HLA-DQA10105-DQB10321,CNYHEGGGARVAHIMYFAYTYYDVRTETVHLETT
HLA-DQA10105-DQB10322,CNYHEGGGARVAHIMYFAYTYYDVRTETVHLETT
HLA-DQA10105-DQB10323,CNYHEGGGARVAHIMYFGLTYYDVRTETVHLETT
HLA-DQA10105-DQB10324,CNYHEGGGARVAHIMYFAYTYYDVRTETVHLETT
HLA-DQA10105-DQB10325,CNYHEGGGARVAHIMYFGLTYYDIEDSTVHLETT
HLA-DQA10105-DQB10326,CNYHEGGGARVAHIMYFGLTYYDVRTETVHLETT
HLA-DQA10105-DQB10327,CNYHEGGGARVAHIMYFAYTYYDVRTETVHLETT
HLA-DQA10105-DQB10328,CNYHEGGGARVAHIMYFAYTYYDVRTEAVHLETT
HLA-DQA10105-DQB10329,CNYHEGGGARVAHIMYFAYTYYDVRTETVHLETT
HLA-DQA10105-DQB10330,CNYHEGGGARVAHIMFFGLTYYDVRTETVHLETT
HLA-DQA10105-DQB10331,CNYHEGGGARVAHIMYFGLTYYDVRTETVHLETT
HLA-DQA10105-DQB10332,CNYHEGGGARVAHIMYFGLTYYAVRTETVHLETT
HLA-DQA10105-DQB10333,CNYHEGGGARVAHIMYFGLTYYDVRTETVHLETT
HLA-DQA10105-DQB10334,CNYHEGGGARVAHIMYFGLTYYDVRTETVHLETT
HLA-DQA10105-DQB10335,CNYHEGGGARVAHIMYFAYTYYDVRTETVHLETT
HLA-DQA10105-DQB10336,CNYHEGGGARVAHIMYFAYTYYDVRTETVHLETT
HLA-DQA10105-DQB10337,CNYHEGGGARVAHIMYFGLTYYAVRTETVHLETT
HLA-DQA10105-DQB10338,CNYHEGGGARVAHIMYFGLTHYDVRTETVHLETT
HLA-DQA10105-DQB10401,CNYHEGGGARVAHIMFFGGTYYDIEDSTVHLETT
HLA-DQA10105-DQB10402,CNYHEGGGARVAHIMFFGGTYYDIEDSTVHLETT
HLA-DQA10105-DQB10403,CNYHEGGGARVAHIMFFGLTYYDIEDSTVHLETT
HLA-DQA10105-DQB10404,CNYHEGGGARVAHIMYFGGTYYDIEDSTVHLETT
HLA-DQA10105-DQB10405,CNYHEGGGARVAHIMYFGGTYYDIEDSTVHLETT
HLA-DQA10105-DQB10406,CNYHEGGGARVAHIMFFGGTYYDIEDSTVHLETT
HLA-DQA10105-DQB10407,CNYHEGGGARVAHIMFFGGTYYDIEDSTVHLETT
HLA-DQA10105-DQB10408,CNYHEGGGARVAHIMFFGGTYYDIEDSTVHLETT
HLA-DQA10105-DQB10501,CNYHEGGGARVAHIMYFGGTHYVVGASRVHVAGI
HLA-DQA10105-DQB10502,CNYHEGGGARVAHIMYFGGTHYSVGASRVHVAGI
HLA-DQA10105-DQB10503,CNYHEGGGARVAHIMYFGGTHYDVGASRVHVAGI
HLA-DQA10105-DQB10505,CNYHEGGGARVAHIMYFGGTHYSVGASRVHVAGI
HLA-DQA10105-DQB10506,CNYHEGGGARVAHIMYFGGTHYDVGASRVHVAGI
HLA-DQA10105-DQB10507,CNYHEGGGARVAHIMYFGGTHYVVGASRVHVAGI
HLA-DQA10105-DQB10508,CNYHEGGGARVAHIMYFGGTHYDVGASRVHVAGI
HLA-DQA10105-DQB10509,CNYHEGGGARVAHIMYFGGTHYDVGASRVHVAGI
HLA-DQA10105-DQB10510,CNYHEGGGARVAHIMYFGGTHYDVGASRVHVAGI
HLA-DQA10105-DQB10511,CNYHEGGGARVAHIMYFGGTHYVVGASRVHVAGI
HLA-DQA10105-DQB10512,CNYHEGGGARVAHIMYFGGTHYVVGASRLHVAGI
HLA-DQA10105-DQB10513,CNYHEGGGARVAHIMYFGGTHYDVGASRVHVAGI
HLA-DQA10105-DQB10514,CNYHEGGGARVAHIMYFGGTHYSVGASRVHVAGI
HLA-DQA10105-DQB10601,CNYHEGGGARVAHIMLFAYTYYDIRTETVHVAGI
HLA-DQA10105-DQB10602,CNYHEGGGARVAHIMFFGLTYYDVGTETVHVAGI
HLA-DQA10105-DQB10603,CNYHEGGGARVAHIMYFGLTHYDVGTETVHVAGI
HLA-DQA10105-DQB10604,CNYHEGGGARVAHIMYFGLTHYVVRTETVHVGGI
HLA-DQA10105-DQB10607,CNYHEGGGARVAHIMYFGLTHYDVRTETVHVGGI
HLA-DQA10105-DQB10608,CNYHEGGGARVAHIMYFGLTHYVVGTETVHVAGI
HLA-DQA10105-DQB10609,CNYHEGGGARVAHIMYFGLTYYVVRTETVHVGGI
HLA-DQA10105-DQB10610,CNYHEGGGARVAHIMFFGLTYYSVGTETVHVAGI
HLA-DQA10105-DQB10611,CNYHEGGGARVAHIMYFGLTYYDVGTETVHVAGI
HLA-DQA10105-DQB10612,CNYHEGGGARVAHIMYFGLTYYVVGTETVHVGGI
HLA-DQA10105-DQB10614,CNYHEGGGARVAHIMFFGLTHYDVGTETVHVAGI
HLA-DQA10105-DQB10615,CNYHEGGGARVAHIMFFGLTYYDVRTETVHVGGI
HLA-DQA10105-DQB10616,CNYHEGGGARVAHIMFFGLTYYDVGTETVHVAGI
HLA-DQA10105-DQB10617,CNYHEGGGARVAHIMYFGLTHYVVGAETVHVGGI
HLA-DQA10105-DQB10618,CNYHEGGGARVAHIMYFGLTYYVVRTETVHVAGI
HLA-DQA10105-DQB10619,CNYHEGGGARVAHIMFFGLTYYDVGTETVHVAGI
HLA-DQA10105-DQB10621,CNYHEGGGARVAHIMYFGLTHYVVGTETVHVGGI
HLA-DQA10105-DQB10622,CNYHEGGGARVAHIMFFGLTYYVVRTETVHVGGI
HLA-DQA10105-DQB10623,CNYHEGGGARVAHIMFFGGTYYDVGTETVHVAGI
HLA-DQA10105-DQB10624,CNYHEGGGARVAHIMFFGLTYYDVGAETVHVAGI
HLA-DQA10105-DQB10625,CNYHEGGGARVAHIMYFGLTHYSVRTETVHVGGI
HLA-DQA10105-DQB10627,CNYHEGGGARVAHIMYFGLTHYVVRTETVHVAGI
HLA-DQA10105-DQB10628,CNYHEGGGARVAHIMYFGLTHYDVGTETVHVAGI
HLA-DQA10105-DQB10629,CNYHEGGGARVAHIMFFGLTYYAVGTETVHVAGI
HLA-DQA10105-DQB10630,CNYHEGGGARVAHIMYFGLTHYDVGAETVHVAGI
HLA-DQA10105-DQB10631,CNYHEGGGARVAHIMYFGLTHYDVGTETVHVAGI
HLA-DQA10105-DQB10632,CNYHEGGGARVAHIMYFGLTHYDVRTETVHVAGI
HLA-DQA10105-DQB10633,CNYHEGGGARVAHIMFLGLTYYDVGTETVHVAGI
HLA-DQA10105-DQB10634,CNYHEGGGARVAHIMYFGLTHYVVRTETVHVGGI
HLA-DQA10105-DQB10635,CNYHEGGGARVAHIMLFAYTYYDIRTETVHVAGI
HLA-DQA10105-DQB10636,CNYHEGGGARVAHIMYFGLTHYVVRTETVHVGGI
HLA-DQA10105-DQB10637,CNYHEGGGARVAHIMFFGLTYYDVRTETVHVAGI
HLA-DQA10105-DQB10638,CNYHEGGGARVAHIMYFGLTHYVVRTETVHVGGI
HLA-DQA10105-DQB10639,CNYHEGGGARVAHIMYFGLTHYVVRTETVHVGGI
HLA-DQA10105-DQB10640,CNYHEGGGARVAHIMYFGLTHYDVGTETVHVAGI
HLA-DQA10105-DQB10641,CNYHEGGGARVAHIMYFGLTHYDVGTETVHVAGI
HLA-DQA10105-DQB10642,CNYHEGGGARVAHIMYFGLTYYVVGAETVHVGGI
HLA-DQA10105-DQB10643,CNYHEGGGARVAHIMLFAYTYYDIRTETVHVAGI
HLA-DQA10105-DQB10644,CNYHEGGGARVAHIMYFGLTHYDVGTETVHVAGI
HLA-DQA10201-DQB10201,CNYHEGGGARVAHIMYFGLSSFAIRKARVHLETT
HLA-DQA10201-DQB10202,CNYHEGGGARVAHIMYFGLSSFAIRKARVHLETT
HLA-DQA10201-DQB10203,CNYHEGGGARVAHIMYFGLSSFDIRKARVHLETT
HLA-DQA10201-DQB10204,CNYHEGGGARVAHIMYFGLSSFAIRKARVHLETT
HLA-DQA10201-DQB10205,CNYHEGGGARVAHIMYFGLSSFAIRKATVHLETT
HLA-DQA10201-DQB10206,CNYHEGGGARVAHIMYFGLSSFAIRKARVHLETT
HLA-DQA10201-DQB10301,CNYHEGGGARVAHIMYFAYTYYDVRTETVHLETT
HLA-DQA10201-DQB10302,CNYHEGGGARVAHIMYFGLTYYAVRTETVHLETT
HLA-DQA10201-DQB10303,CNYHEGGGARVAHIMYFGLTYYDVRTETVHLETT
HLA-DQA10201-DQB10304,CNYHEGGGARVAHIMYFAYTYYAVRTETVHLETT
HLA-DQA10201-DQB10305,CNYHEGGGARVAHIMYFGGTYYAVRTETVHLETT
HLA-DQA10201-DQB10306,CNYHEGGGARVAHIMYFGLTYYDIEDSTVHLETT
HLA-DQA10201-DQB10307,CNYHEGGGARVAHIMYFGLTYYAVRTETVHLETT
HLA-DQA10201-DQB10308,CNYHEGGGARVAHIMYFGLTYYAVGTETVHLETT
HLA-DQA10201-DQB10309,CNYHEGGGARVAHIMYFAYTYYDVRTETVHLETT
HLA-DQA10201-DQB10310,CNYHEGGGARVAHIMYFAYTYYDVRTETVHLETT
HLA-DQA10201-DQB10311,CNYHEGGGARVAHIMYFGLTYYAVRTETVHLETT
HLA-DQA10201-DQB10312,CNYHEGGGARVAHIMYFALTYYDVRTETVHLETT
HLA-DQA10201-DQB10313,CNYHEGGGARVAHIMYFAYTYYDDRTETVHLETT
HLA-DQA10201-DQB10314,CNYHEGGGARVAHIMYFAYTYYAVRTETVHLETT
HLA-DQA10201-DQB10315,CNYHEGGGARVAHIMYFGLTYYDVRTETVHLETT
HLA-DQA10201-DQB10316,CNYHEGGGARVAHIMYFAYTYYDVRTETVHLETT
HLA-DQA10201-DQB10317,CNYHEGGGARVAHIMYFGGTYYDVRTETVHLETT
HLA-DQA10201-DQB10318,CNYHEGGGARVAHIMYFGLTYYAVRTETVHLETT
HLA-DQA10201-DQB10319,CNYHEGGGARVAHIMYFAYTYYDVRTETVHLETT
HLA-DQA10201-DQB10320,CNYHEGGGARVAHIMYFGLTYYDVRTETVHLETT
HLA-DQA10201-DQB10321,CNYHEGGGARVAHIMYFAYTYYDVRTETVHLETT
HLA-DQA10201-DQB10322,CNYHEGGGARVAHIMYFAYTYYDVRTETVHLETT
HLA-DQA10201-DQB10323,CNYHEGGGARVAHIMYFGLTYYDVRTETVHLETT
HLA-DQA10201-DQB10324,CNYHEGGGARVAHIMYFAYTYYDVRTETVHLETT
HLA-DQA10201-DQB10325,CNYHEGGGARVAHIMYFGLTYYDIEDSTVHLETT
HLA-DQA10201-DQB10326,CNYHEGGGARVAHIMYFGLTYYDVRTETVHLETT
HLA-DQA10201-DQB10327,CNYHEGGGARVAHIMYFAYTYYDVRTETVHLETT
HLA-DQA10201-DQB10328,CNYHEGGGARVAHIMYFAYTYYDVRTEAVHLETT
HLA-DQA10201-DQB10329,CNYHEGGGARVAHIMYFAYTYYDVRTETVHLETT
HLA-DQA10201-DQB10330,CNYHEGGGARVAHIMFFGLTYYDVRTETVHLETT
HLA-DQA10201-DQB10331,CNYHEGGGARVAHIMYFGLTYYDVRTETVHLETT
HLA-DQA10201-DQB10332,CNYHEGGGARVAHIMYFGLTYYAVRTETVHLETT
HLA-DQA10201-DQB10333,CNYHEGGGARVAHIMYFGLTYYDVRTETVHLETT
HLA-DQA10201-DQB10334,CNYHEGGGARVAHIMYFGLTYYDVRTETVHLETT
HLA-DQA10201-DQB10335,CNYHEGGGARVAHIMYFAYTYYDVRTETVHLETT
HLA-DQA10201-DQB10336,CNYHEGGGARVAHIMYFAYTYYDVRTETVHLETT
HLA-DQA10201-DQB10337,CNYHEGGGARVAHIMYFGLTYYAVRTETVHLETT
HLA-DQA10201-DQB10338,CNYHEGGGARVAHIMYFGLTHYDVRTETVHLETT
HLA-DQA10201-DQB10401,CNYHEGGGARVAHIMFFGGTYYDIEDSTVHLETT
HLA-DQA10201-DQB10402,CNYHEGGGARVAHIMFFGGTYYDIEDSTVHLETT
HLA-DQA10201-DQB10403,CNYHEGGGARVAHIMFFGLTYYDIEDSTVHLETT
HLA-DQA10201-DQB10404,CNYHEGGGARVAHIMYFGGTYYDIEDSTVHLETT
HLA-DQA10201-DQB10405,CNYHEGGGARVAHIMYFGGTYYDIEDSTVHLETT
HLA-DQA10201-DQB10406,CNYHEGGGARVAHIMFFGGTYYDIEDSTVHLETT
HLA-DQA10201-DQB10407,CNYHEGGGARVAHIMFFGGTYYDIEDSTVHLETT
HLA-DQA10201-DQB10408,CNYHEGGGARVAHIMFFGGTYYDIEDSTVHLETT
HLA-DQA10201-DQB10501,CNYHEGGGARVAHIMYFGGTHYVVGASRVHVAGI
HLA-DQA10201-DQB10502,CNYHEGGGARVAHIMYFGGTHYSVGASRVHVAGI
HLA-DQA10201-DQB10503,CNYHEGGGARVAHIMYFGGTHYDVGASRVHVAGI
HLA-DQA10201-DQB10505,CNYHEGGGARVAHIMYFGGTHYSVGASRVHVAGI
HLA-DQA10201-DQB10506,CNYHEGGGARVAHIMYFGGTHYDVGASRVHVAGI
HLA-DQA10201-DQB10507,CNYHEGGGARVAHIMYFGGTHYVVGASRVHVAGI
HLA-DQA10201-DQB10508,CNYHEGGGARVAHIMYFGGTHYDVGASRVHVAGI
HLA-DQA10201-DQB10509,CNYHEGGGARVAHIMYFGGTHYDVGASRVHVAGI
HLA-DQA10201-DQB10510,CNYHEGGGARVAHIMYFGGTHYDVGASRVHVAGI
HLA-DQA10201-DQB10511,CNYHEGGGARVAHIMYFGGTHYVVGASRVHVAGI
HLA-DQA10201-DQB10512,CNYHEGGGARVAHIMYFGGTHYVVGASRLHVAGI
HLA-DQA10201-DQB10513,CNYHEGGGARVAHIMYFGGTHYDVGASRVHVAGI
HLA-DQA10201-DQB10514,CNYHEGGGARVAHIMYFGGTHYSVGASRVHVAGI
HLA-DQA10201-DQB10601,CNYHEGGGARVAHIMLFAYTYYDIRTETVHVAGI
HLA-DQA10201-DQB10602,CNYHEGGGARVAHIMFFGLTYYDVGTETVHVAGI
HLA-DQA10201-DQB10603,CNYHEGGGARVAHIMYFGLTHYDVGTETVHVAGI
HLA-DQA10201-DQB10604,CNYHEGGGARVAHIMYFGLTHYVVRTETVHVGGI
HLA-DQA10201-DQB10607,CNYHEGGGARVAHIMYFGLTHYDVRTETVHVGGI
HLA-DQA10201-DQB10608,CNYHEGGGARVAHIMYFGLTHYVVGTETVHVAGI
HLA-DQA10201-DQB10609,CNYHEGGGARVAHIMYFGLTYYVVRTETVHVGGI
HLA-DQA10201-DQB10610,CNYHEGGGARVAHIMFFGLTYYSVGTETVHVAGI
HLA-DQA10201-DQB10611,CNYHEGGGARVAHIMYFGLTYYDVGTETVHVAGI
HLA-DQA10201-DQB10612,CNYHEGGGARVAHIMYFGLTYYVVGTETVHVGGI
HLA-DQA10201-DQB10614,CNYHEGGGARVAHIMFFGLTHYDVGTETVHVAGI
HLA-DQA10201-DQB10615,CNYHEGGGARVAHIMFFGLTYYDVRTETVHVGGI
HLA-DQA10201-DQB10616,CNYHEGGGARVAHIMFFGLTYYDVGTETVHVAGI
HLA-DQA10201-DQB10617,CNYHEGGGARVAHIMYFGLTHYVVGAETVHVGGI
HLA-DQA10201-DQB10618,CNYHEGGGARVAHIMYFGLTYYVVRTETVHVAGI
HLA-DQA10201-DQB10619,CNYHEGGGARVAHIMFFGLTYYDVGTETVHVAGI
HLA-DQA10201-DQB10621,CNYHEGGGARVAHIMYFGLTHYVVGTETVHVGGI
HLA-DQA10201-DQB10622,CNYHEGGGARVAHIMFFGLTYYVVRTETVHVGGI
HLA-DQA10201-DQB10623,CNYHEGGGARVAHIMFFGGTYYDVGTETVHVAGI
HLA-DQA10201-DQB10624,CNYHEGGGARVAHIMFFGLTYYDVGAETVHVAGI
HLA-DQA10201-DQB10625,CNYHEGGGARVAHIMYFGLTHYSVRTETVHVGGI
HLA-DQA10201-DQB10627,CNYHEGGGARVAHIMYFGLTHYVVRTETVHVAGI
HLA-DQA10201-DQB10628,CNYHEGGGARVAHIMYFGLTHYDVGTETVHVAGI
HLA-DQA10201-DQB10629,CNYHEGGGARVAHIMFFGLTYYAVGTETVHVAGI
HLA-DQA10201-DQB10630,CNYHEGGGARVAHIMYFGLTHYDVGAETVHVAGI
HLA-DQA10201-DQB10631,CNYHEGGGARVAHIMYFGLTHYDVGTETVHVAGI
HLA-DQA10201-DQB10632,CNYHEGGGARVAHIMYFGLTHYDVRTETVHVAGI
HLA-DQA10201-DQB10633,CNYHEGGGARVAHIMFLGLTYYDVGTETVHVAGI
HLA-DQA10201-DQB10634,CNYHEGGGARVAHIMYFGLTHYVVRTETVHVGGI
HLA-DQA10201-DQB10635,CNYHEGGGARVAHIMLFAYTYYDIRTETVHVAGI
HLA-DQA10201-DQB10636,CNYHEGGGARVAHIMYFGLTHYVVRTETVHVGGI
HLA-DQA10201-DQB10637,CNYHEGGGARVAHIMFFGLTYYDVRTETVHVAGI
HLA-DQA10201-DQB10638,CNYHEGGGARVAHIMYFGLTHYVVRTETVHVGGI
HLA-DQA10201-DQB10639,CNYHEGGGARVAHIMYFGLTHYVVRTETVHVGGI
HLA-DQA10201-DQB10640,CNYHEGGGARVAHIMYFGLTHYDVGTETVHVAGI
HLA-DQA10201-DQB10641,CNYHEGGGARVAHIMYFGLTHYDVGTETVHVAGI
HLA-DQA10201-DQB10642,CNYHEGGGARVAHIMYFGLTYYVVGAETVHVGGI
HLA-DQA10201-DQB10643,CNYHEGGGARVAHIMLFAYTYYDIRTETVHVAGI
HLA-DQA10201-DQB10644,CNYHEGGGARVAHIMYFGLTHYDVGTETVHVAGI
HLA-DQA10301-DQB10201,CNYHEGGGARVAHIMYFGLSSFAIRKARVHLETT
HLA-DQA10301-DQB10202,CNYHEGGGARVAHIMYFGLSSFAIRKARVHLETT
HLA-DQA10301-DQB10203,CNYHEGGGARVAHIMYFGLSSFDIRKARVHLETT
HLA-DQA10301-DQB10204,CNYHEGGGARVAHIMYFGLSSFAIRKARVHLETT
HLA-DQA10301-DQB10205,CNYHEGGGARVAHIMYFGLSSFAIRKATVHLETT
HLA-DQA10301-DQB10206,CNYHEGGGARVAHIMYFGLSSFAIRKARVHLETT
HLA-DQA10301-DQB10301,CNYHEGGGARVAHIMYFAYTYYDVRTETVHLETT
HLA-DQA10301-DQB10302,CNYHEGGGARVAHIMYFGLTYYAVRTETVHLETT
HLA-DQA10301-DQB10303,CNYHEGGGARVAHIMYFGLTYYDVRTETVHLETT
HLA-DQA10301-DQB10304,CNYHEGGGARVAHIMYFAYTYYAVRTETVHLETT
HLA-DQA10301-DQB10305,CNYHEGGGARVAHIMYFGGTYYAVRTETVHLETT
HLA-DQA10301-DQB10306,CNYHEGGGARVAHIMYFGLTYYDIEDSTVHLETT
HLA-DQA10301-DQB10307,CNYHEGGGARVAHIMYFGLTYYAVRTETVHLETT
HLA-DQA10301-DQB10308,CNYHEGGGARVAHIMYFGLTYYAVGTETVHLETT
HLA-DQA10301-DQB10309,CNYHEGGGARVAHIMYFAYTYYDVRTETVHLETT
HLA-DQA10301-DQB10310,CNYHEGGGARVAHIMYFAYTYYDVRTETVHLETT
HLA-DQA10301-DQB10311,CNYHEGGGARVAHIMYFGLTYYAVRTETVHLETT
HLA-DQA10301-DQB10312,CNYHEGGGARVAHIMYFALTYYDVRTETVHLETT
HLA-DQA10301-DQB10313,CNYHEGGGARVAHIMYFAYTYYDDRTETVHLETT
HLA-DQA10301-DQB10314,CNYHEGGGARVAHIMYFAYTYYAVRTETVHLETT
HLA-DQA10301-DQB10315,CNYHEGGGARVAHIMYFGLTYYDVRTETVHLETT
HLA-DQA10301-DQB10316,CNYHEGGGARVAHIMYFAYTYYDVRTETVHLETT
HLA-DQA10301-DQB10317,CNYHEGGGARVAHIMYFGGTYYDVRTETVHLETT
HLA-DQA10301-DQB10318,CNYHEGGGARVAHIMYFGLTYYAVRTETVHLETT
HLA-DQA10301-DQB10319,CNYHEGGGARVAHIMYFAYTYYDVRTETVHLETT
HLA-DQA10301-DQB10320,CNYHEGGGARVAHIMYFGLTYYDVRTETVHLETT
HLA-DQA10301-DQB10321,CNYHEGGGARVAHIMYFAYTYYDVRTETVHLETT
HLA-DQA10301-DQB10322,CNYHEGGGARVAHIMYFAYTYYDVRTETVHLETT
HLA-DQA10301-DQB10323,CNYHEGGGARVAHIMYFGLTYYDVRTETVHLETT
HLA-DQA10301-DQB10324,CNYHEGGGARVAHIMYFAYTYYDVRTETVHLETT
HLA-DQA10301-DQB10325,CNYHEGGGARVAHIMYFGLTYYDIEDSTVHLETT
HLA-DQA10301-DQB10326,CNYHEGGGARVAHIMYFGLTYYDVRTETVHLETT
HLA-DQA10301-DQB10327,CNYHEGGGARVAHIMYFAYTYYDVRTETVHLETT
HLA-DQA10301-DQB10328,CNYHEGGGARVAHIMYFAYTYYDVRTEAVHLETT
HLA-DQA10301-DQB10329,CNYHEGGGARVAHIMYFAYTYYDVRTETVHLETT
HLA-DQA10301-DQB10330,CNYHEGGGARVAHIMFFGLTYYDVRTETVHLETT
HLA-DQA10301-DQB10331,CNYHEGGGARVAHIMYFGLTYYDVRTETVHLETT
HLA-DQA10301-DQB10332,CNYHEGGGARVAHIMYFGLTYYAVRTETVHLETT
HLA-DQA10301-DQB10333,CNYHEGGGARVAHIMYFGLTYYDVRTETVHLETT
HLA-DQA10301-DQB10334,CNYHEGGGARVAHIMYFGLTYYDVRTETVHLETT
HLA-DQA10301-DQB10335,CNYHEGGGARVAHIMYFAYTYYDVRTETVHLETT
HLA-DQA10301-DQB10336,CNYHEGGGARVAHIMYFAYTYYDVRTETVHLETT
HLA-DQA10301-DQB10337,CNYHEGGGARVAHIMYFGLTYYAVRTETVHLETT
HLA-DQA10301-DQB10338,CNYHEGGGARVAHIMYFGLTHYDVRTETVHLETT
HLA-DQA10301-DQB10401,CNYHEGGGARVAHIMFFGGTYYDIEDSTVHLETT
HLA-DQA10301-DQB10402,CNYHEGGGARVAHIMFFGGTYYDIEDSTVHLETT
HLA-DQA10301-DQB10403,CNYHEGGGARVAHIMFFGLTYYDIEDSTVHLETT
HLA-DQA10301-DQB10404,CNYHEGGGARVAHIMYFGGTYYDIEDSTVHLETT
HLA-DQA10301-DQB10405,CNYHEGGGARVAHIMYFGGTYYDIEDSTVHLETT
HLA-DQA10301-DQB10406,CNYHEGGGARVAHIMFFGGTYYDIEDSTVHLETT
HLA-DQA10301-DQB10407,CNYHEGGGARVAHIMFFGGTYYDIEDSTVHLETT
HLA-DQA10301-DQB10408,CNYHEGGGARVAHIMFFGGTYYDIEDSTVHLETT
HLA-DQA10301-DQB10501,CNYHEGGGARVAHIMYFGGTHYVVGASRVHVAGI
HLA-DQA10301-DQB10502,CNYHEGGGARVAHIMYFGGTHYSVGASRVHVAGI
HLA-DQA10301-DQB10503,CNYHEGGGARVAHIMYFGGTHYDVGASRVHVAGI
HLA-DQA10301-DQB10505,CNYHEGGGARVAHIMYFGGTHYSVGASRVHVAGI
HLA-DQA10301-DQB10506,CNYHEGGGARVAHIMYFGGTHYDVGASRVHVAGI
HLA-DQA10301-DQB10507,CNYHEGGGARVAHIMYFGGTHYVVGASRVHVAGI
HLA-DQA10301-DQB10508,CNYHEGGGARVAHIMYFGGTHYDVGASRVHVAGI
HLA-DQA10301-DQB10509,CNYHEGGGARVAHIMYFGGTHYDVGASRVHVAGI
HLA-DQA10301-DQB10510,CNYHEGGGARVAHIMYFGGTHYDVGASRVHVAGI
HLA-DQA10301-DQB10511,CNYHEGGGARVAHIMYFGGTHYVVGASRVHVAGI
HLA-DQA10301-DQB10512,CNYHEGGGARVAHIMYFGGTHYVVGASRLHVAGI
HLA-DQA10301-DQB10513,CNYHEGGGARVAHIMYFGGTHYDVGASRVHVAGI
HLA-DQA10301-DQB10514,CNYHEGGGARVAHIMYFGGTHYSVGASRVHVAGI
HLA-DQA10301-DQB10601,CNYHEGGGARVAHIMLFAYTYYDIRTETVHVAGI
HLA-DQA10301-DQB10602,CNYHEGGGARVAHIMFFGLTYYDVGTETVHVAGI
HLA-DQA10301-DQB10603,CNYHEGGGARVAHIMYFGLTHYDVGTETVHVAGI
HLA-DQA10301-DQB10604,CNYHEGGGARVAHIMYFGLTHYVVRTETVHVGGI
HLA-DQA10301-DQB10607,CNYHEGGGARVAHIMYFGLTHYDVRTETVHVGGI
HLA-DQA10301-DQB10608,CNYHEGGGARVAHIMYFGLTHYVVGTETVHVAGI
HLA-DQA10301-DQB10609,CNYHEGGGARVAHIMYFGLTYYVVRTETVHVGGI
HLA-DQA10301-DQB10610,CNYHEGGGARVAHIMFFGLTYYSVGTETVHVAGI
HLA-DQA10301-DQB10611,CNYHEGGGARVAHIMYFGLTYYDVGTETVHVAGI
HLA-DQA10301-DQB10612,CNYHEGGGARVAHIMYFGLTYYVVGTETVHVGGI
HLA-DQA10301-DQB10614,CNYHEGGGARVAHIMFFGLTHYDVGTETVHVAGI
HLA-DQA10301-DQB10615,CNYHEGGGARVAHIMFFGLTYYDVRTETVHVGGI
HLA-DQA10301-DQB10616,CNYHEGGGARVAHIMFFGLTYYDVGTETVHVAGI
HLA-DQA10301-DQB10617,CNYHEGGGARVAHIMYFGLTHYVVGAETVHVGGI
HLA-DQA10301-DQB10618,CNYHEGGGARVAHIMYFGLTYYVVRTETVHVAGI
HLA-DQA10301-DQB10619,CNYHEGGGARVAHIMFFGLTYYDVGTETVHVAGI
HLA-DQA10301-DQB10621,CNYHEGGGARVAHIMYFGLTHYVVGTETVHVGGI
HLA-DQA10301-DQB10622,CNYHEGGGARVAHIMFFGLTYYVVRTETVHVGGI
HLA-DQA10301-DQB10623,CNYHEGGGARVAHIMFFGGTYYDVGTETVHVAGI
HLA-DQA10301-DQB10624,CNYHEGGGARVAHIMFFGLTYYDVGAETVHVAGI
HLA-DQA10301-DQB10625,CNYHEGGGARVAHIMYFGLTHYSVRTETVHVGGI
HLA-DQA10301-DQB10627,CNYHEGGGARVAHIMYFGLTHYVVRTETVHVAGI
HLA-DQA10301-DQB10628,CNYHEGGGARVAHIMYFGLTHYDVGTETVHVAGI
HLA-DQA10301-DQB10629,CNYHEGGGARVAHIMFFGLTYYAVGTETVHVAGI
HLA-DQA10301-DQB10630,CNYHEGGGARVAHIMYFGLTHYDVGAETVHVAGI
HLA-DQA10301-DQB10631,CNYHEGGGARVAHIMYFGLTHYDVGTETVHVAGI
HLA-DQA10301-DQB10632,CNYHEGGGARVAHIMYFGLTHYDVRTETVHVAGI
HLA-DQA10301-DQB10633,CNYHEGGGARVAHIMFLGLTYYDVGTETVHVAGI
HLA-DQA10301-DQB10634,CNYHEGGGARVAHIMYFGLTHYVVRTETVHVGGI
HLA-DQA10301-DQB10635,CNYHEGGGARVAHIMLFAYTYYDIRTETVHVAGI
HLA-DQA10301-DQB10636,CNYHEGGGARVAHIMYFGLTHYVVRTETVHVGGI
HLA-DQA10301-DQB10637,CNYHEGGGARVAHIMFFGLTYYDVRTETVHVAGI
HLA-DQA10301-DQB10638,CNYHEGGGARVAHIMYFGLTHYVVRTETVHVGGI
HLA-DQA10301-DQB10639,CNYHEGGGARVAHIMYFGLTHYVVRTETVHVGGI
HLA-DQA10301-DQB10640,CNYHEGGGARVAHIMYFGLTHYDVGTETVHVAGI
HLA-DQA10301-DQB10641,CNYHEGGGARVAHIMYFGLTHYDVGTETVHVAGI
HLA-DQA10301-DQB10642,CNYHEGGGARVAHIMYFGLTYYVVGAETVHVGGI
HLA-DQA10301-DQB10643,CNYHEGGGARVAHIMLFAYTYYDIRTETVHVAGI
HLA-DQA10301-DQB10644,CNYHEGGGARVAHIMYFGLTHYDVGTETVHVAGI
HLA-DQA10401-DQB10201,CNYHEGGGARVAHIMYFGLSSFAIRKARVHLETT
HLA-DQA10401-DQB10202,CNYHEGGGARVAHIMYFGLSSFAIRKARVHLETT
HLA-DQA10401-DQB10203,CNYHEGGGARVAHIMYFGLSSFDIRKARVHLETT
HLA-DQA10401-DQB10204,CNYHEGGGARVAHIMYFGLSSFAIRKARVHLETT
HLA-DQA10401-DQB10205,CNYHEGGGARVAHIMYFGLSSFAIRKATVHLETT
HLA-DQA10401-DQB10206,CNYHEGGGARVAHIMYFGLSSFAIRKARVHLETT
HLA-DQA10401-DQB10301,CNYHEGGGARVAHIMYFAYTYYDVRTETVHLETT
HLA-DQA10401-DQB10302,CNYHEGGGARVAHIMYFGLTYYAVRTETVHLETT
HLA-DQA10401-DQB10303,CNYHEGGGARVAHIMYFGLTYYDVRTETVHLETT
HLA-DQA10401-DQB10304,CNYHEGGGARVAHIMYFAYTYYAVRTETVHLETT
HLA-DQA10401-DQB10305,CNYHEGGGARVAHIMYFGGTYYAVRTETVHLETT
HLA-DQA10401-DQB10306,CNYHEGGGARVAHIMYFGLTYYDIEDSTVHLETT
HLA-DQA10401-DQB10307,CNYHEGGGARVAHIMYFGLTYYAVRTETVHLETT
HLA-DQA10401-DQB10308,CNYHEGGGARVAHIMYFGLTYYAVGTETVHLETT
HLA-DQA10401-DQB10309,CNYHEGGGARVAHIMYFAYTYYDVRTETVHLETT
HLA-DQA10401-DQB10310,CNYHEGGGARVAHIMYFAYTYYDVRTETVHLETT
HLA-DQA10401-DQB10311,CNYHEGGGARVAHIMYFGLTYYAVRTETVHLETT
HLA-DQA10401-DQB10312,CNYHEGGGARVAHIMYFALTYYDVRTETVHLETT
HLA-DQA10401-DQB10313,CNYHEGGGARVAHIMYFAYTYYDDRTETVHLETT
HLA-DQA10401-DQB10314,CNYHEGGGARVAHIMYFAYTYYAVRTETVHLETT
HLA-DQA10401-DQB10315,CNYHEGGGARVAHIMYFGLTYYDVRTETVHLETT
HLA-DQA10401-DQB10316,CNYHEGGGARVAHIMYFAYTYYDVRTETVHLETT
HLA-DQA10401-DQB10317,CNYHEGGGARVAHIMYFGGTYYDVRTETVHLETT
HLA-DQA10401-DQB10318,CNYHEGGGARVAHIMYFGLTYYAVRTETVHLETT
HLA-DQA10401-DQB10319,CNYHEGGGARVAHIMYFAYTYYDVRTETVHLETT
HLA-DQA10401-DQB10320,CNYHEGGGARVAHIMYFGLTYYDVRTETVHLETT
HLA-DQA10401-DQB10321,CNYHEGGGARVAHIMYFAYTYYDVRTETVHLETT
HLA-DQA10401-DQB10322,CNYHEGGGARVAHIMYFAYTYYDVRTETVHLETT
HLA-DQA10401-DQB10323,CNYHEGGGARVAHIMYFGLTYYDVRTETVHLETT
HLA-DQA10401-DQB10324,CNYHEGGGARVAHIMYFAYTYYDVRTETVHLETT
HLA-DQA10401-DQB10325,CNYHEGGGARVAHIMYFGLTYYDIEDSTVHLETT
HLA-DQA10401-DQB10326,CNYHEGGGARVAHIMYFGLTYYDVRTETVHLETT
HLA-DQA10401-DQB10327,CNYHEGGGARVAHIMYFAYTYYDVRTETVHLETT
HLA-DQA10401-DQB10328,CNYHEGGGARVAHIMYFAYTYYDVRTEAVHLETT
HLA-DQA10401-DQB10329,CNYHEGGGARVAHIMYFAYTYYDVRTETVHLETT
HLA-DQA10401-DQB10330,CNYHEGGGARVAHIMFFGLTYYDVRTETVHLETT
HLA-DQA10401-DQB10331,CNYHEGGGARVAHIMYFGLTYYDVRTETVHLETT
HLA-DQA10401-DQB10332,CNYHEGGGARVAHIMYFGLTYYAVRTETVHLETT
HLA-DQA10401-DQB10333,CNYHEGGGARVAHIMYFGLTYYDVRTETVHLETT
HLA-DQA10401-DQB10334,CNYHEGGGARVAHIMYFGLTYYDVRTETVHLETT
HLA-DQA10401-DQB10335,CNYHEGGGARVAHIMYFAYTYYDVRTETVHLETT
HLA-DQA10401-DQB10336,CNYHEGGGARVAHIMYFAYTYYDVRTETVHLETT
HLA-DQA10401-DQB10337,CNYHEGGGARVAHIMYFGLTYYAVRTETVHLETT
HLA-DQA10401-DQB10338,CNYHEGGGARVAHIMYFGLTHYDVRTETVHLETT
HLA-DQA10401-DQB10401,CNYHEGGGARVAHIMFFGGTYYDIEDSTVHLETT
HLA-DQA10401-DQB10402,CNYHEGGGARVAHIMFFGGTYYDIEDSTVHLETT
HLA-DQA10401-DQB10403,CNYHEGGGARVAHIMFFGLTYYDIEDSTVHLETT
HLA-DQA10401-DQB10404,CNYHEGGGARVAHIMYFGGTYYDIEDSTVHLETT
HLA-DQA10401-DQB10405,CNYHEGGGARVAHIMYFGGTYYDIEDSTVHLETT
HLA-DQA10401-DQB10406,CNYHEGGGARVAHIMFFGGTYYDIEDSTVHLETT
HLA-DQA10401-DQB10407,CNYHEGGGARVAHIMFFGGTYYDIEDSTVHLETT
HLA-DQA10401-DQB10408,CNYHEGGGARVAHIMFFGGTYYDIEDSTVHLETT
HLA-DQA10401-DQB10501,CNYHEGGGARVAHIMYFGGTHYVVGASRVHVAGI
HLA-DQA10401-DQB10502,CNYHEGGGARVAHIMYFGGTHYSVGASRVHVAGI
HLA-DQA10401-DQB10503,CNYHEGGGARVAHIMYFGGTHYDVGASRVHVAGI
HLA-DQA10401-DQB10505,CNYHEGGGARVAHIMYFGGTHYSVGASRVHVAGI
HLA-DQA10401-DQB10506,CNYHEGGGARVAHIMYFGGTHYDVGASRVHVAGI
HLA-DQA10401-DQB10507,CNYHEGGGARVAHIMYFGGTHYVVGASRVHVAGI
HLA-DQA10401-DQB10508,CNYHEGGGARVAHIMYFGGTHYDVGASRVHVAGI
HLA-DQA10401-DQB10509,CNYHEGGGARVAHIMYFGGTHYDVGASRVHVAGI
HLA-DQA10401-DQB10510,CNYHEGGGARVAHIMYFGGTHYDVGASRVHVAGI
HLA-DQA10401-DQB10511,CNYHEGGGARVAHIMYFGGTHYVVGASRVHVAGI
HLA-DQA10401-DQB10512,CNYHEGGGARVAHIMYFGGTHYVVGASRLHVAGI
HLA-DQA10401-DQB10513,CNYHEGGGARVAHIMYFGGTHYDVGASRVHVAGI
HLA-DQA10401-DQB10514,CNYHEGGGARVAHIMYFGGTHYSVGASRVHVAGI
HLA-DQA10401-DQB10601,CNYHEGGGARVAHIMLFAYTYYDIRTETVHVAGI
HLA-DQA10401-DQB10602,CNYHEGGGARVAHIMFFGLTYYDVGTETVHVAGI
HLA-DQA10401-DQB10603,CNYHEGGGARVAHIMYFGLTHYDVGTETVHVAGI
HLA-DQA10401-DQB10604,CNYHEGGGARVAHIMYFGLTHYVVRTETVHVGGI
HLA-DQA10401-DQB10607,CNYHEGGGARVAHIMYFGLTHYDVRTETVHVGGI
HLA-DQA10401-DQB10608,CNYHEGGGARVAHIMYFGLTHYVVGTETVHVAGI
HLA-DQA10401-DQB10609,CNYHEGGGARVAHIMYFGLTYYVVRTETVHVGGI
HLA-DQA10401-DQB10610,CNYHEGGGARVAHIMFFGLTYYSVGTETVHVAGI
HLA-DQA10401-DQB10611,CNYHEGGGARVAHIMYFGLTYYDVGTETVHVAGI
HLA-DQA10401-DQB10612,CNYHEGGGARVAHIMYFGLTYYVVGTETVHVGGI
HLA-DQA10401-DQB10614,CNYHEGGGARVAHIMFFGLTHYDVGTETVHVAGI
HLA-DQA10401-DQB10615,CNYHEGGGARVAHIMFFGLTYYDVRTETVHVGGI
HLA-DQA10401-DQB10616,CNYHEGGGARVAHIMFFGLTYYDVGTETVHVAGI
HLA-DQA10401-DQB10617,CNYHEGGGARVAHIMYFGLTHYVVGAETVHVGGI
HLA-DQA10401-DQB10618,CNYHEGGGARVAHIMYFGLTYYVVRTETVHVAGI
HLA-DQA10401-DQB10619,CNYHEGGGARVAHIMFFGLTYYDVGTETVHVAGI
HLA-DQA10401-DQB10621,CNYHEGGGARVAHIMYFGLTHYVVGTETVHVGGI
HLA-DQA10401-DQB10622,CNYHEGGGARVAHIMFFGLTYYVVRTETVHVGGI
HLA-DQA10401-DQB10623,CNYHEGGGARVAHIMFFGGTYYDVGTETVHVAGI
HLA-DQA10401-DQB10624,CNYHEGGGARVAHIMFFGLTYYDVGAETVHVAGI
HLA-DQA10401-DQB10625,CNYHEGGGARVAHIMYFGLTHYSVRTETVHVGGI
HLA-DQA10401-DQB10627,CNYHEGGGARVAHIMYFGLTHYVVRTETVHVAGI
HLA-DQA10401-DQB10628,CNYHEGGGARVAHIMYFGLTHYDVGTETVHVAGI
HLA-DQA10401-DQB10629,CNYHEGGGARVAHIMFFGLTYYAVGTETVHVAGI
HLA-DQA10401-DQB10630,CNYHEGGGARVAHIMYFGLTHYDVGAETVHVAGI
HLA-DQA10401-DQB10631,CNYHEGGGARVAHIMYFGLTHYDVGTETVHVAGI
HLA-DQA10401-DQB10632,CNYHEGGGARVAHIMYFGLTHYDVRTETVHVAGI
HLA-DQA10401-DQB10633,CNYHEGGGARVAHIMFLGLTYYDVGTETVHVAGI
HLA-DQA10401-DQB10634,CNYHEGGGARVAHIMYFGLTHYVVRTETVHVGGI
HLA-DQA10401-DQB10635,CNYHEGGGARVAHIMLFAYTYYDIRTETVHVAGI
HLA-DQA10401-DQB10636,CNYHEGGGARVAHIMYFGLTHYVVRTETVHVGGI
HLA-DQA10401-DQB10637,CNYHEGGGARVAHIMFFGLTYYDVRTETVHVAGI
HLA-DQA10401-DQB10638,CNYHEGGGARVAHIMYFGLTHYVVRTETVHVGGI
HLA-DQA10401-DQB10639,CNYHEGGGARVAHIMYFGLTHYVVRTETVHVGGI
HLA-DQA10401-DQB10640,CNYHEGGGARVAHIMYFGLTHYDVGTETVHVAGI
HLA-DQA10401-DQB10641,CNYHEGGGARVAHIMYFGLTHYDVGTETVHVAGI
HLA-DQA10401-DQB10642,CNYHEGGGARVAHIMYFGLTYYVVGAETVHVGGI
HLA-DQA10401-DQB10643,CNYHEGGGARVAHIMLFAYTYYDIRTETVHVAGI
HLA-DQA10401-DQB10644,CNYHEGGGARVAHIMYFGLTHYDVGTETVHVAGI