Peptide,Pseudo_Sequence
GILGFVFTL,YYAMYQENVAHTDANTLYIIYRDYTWAAHPAGTGQFYG
NLVPMVATV,YYAMYQENVAHNDTQFMYIRYQSWADHPFWGQYWEG
FLPSDFFPSV,YYAMYGENVAHTDENIAYIMHYDYTWAEWAYTWY
ELAGIGILTV,YYAMYQENVAHTDANTLYIMYRDYTWAEWAYTWY
YVLDHLIVV,YYAMYQENVAHTDENIAYWIYDYTWVAGNTAYEW
KLGGALQAK,YYSMYRDYVAHTDENIAYLMFHYYTWAVLAYTWY
FPVTPQVPL,YFAMYQENVAYLDJIAIWNYRYYTWAVDAYTWY
VVDADDTFL,YYAMYQENVAHTDANTLYIMYRDYTWAVLAYTWY
CTELKLSDY,YFAMYQENVAHTDENIAYLMFHYYTWAVDAYTWY
GSEELRSLY,YFAMYQENVAHKYQVNLYLMFHYYTWAVDAYTWY
LLWNGPMAV,YYAMYGENVAHTDENIAYIMHYDYTWAEWAYTWY
SLYNTVATL,YYAMYGENVAHTDANTLYIMYRDYTWAEWAYTWY
RMFPNAPYL,YYAMYQENVAHTDANTLYIRSNVTRVAGNTAYEW
ILKEPVHGV,YYAMYQENVAHNDTQFMYIRYQSWADHPFWGQYWEG
SLFNTVATL,YYAMYGENVAHTDANTLYIMYRDYTWAEWAYTWY