Peptide,Pseudo_Sequence,Predicted_Value,Predicted_Probability,Predicted_Binary
GILGFVFTL,YYAMYQENVAHTDANTLYIIYRDYTWAAHPAGTGQFYG,0.17582735,0.005267904,0
NLVPMVATV,YYAMYQENVAHNDTQFMYIRYQSWADHPFWGQYWEG,0.29540938,0.18207438,0
FLPSDFFPSV,YYAMYGENVAHTDENIAYIMHYDYTWAEWAYTWY,0.05159948,0.00042121758,0
ELAGIGILTV,YYAMYQENVAHTDANTLYIMYRDYTWAEWAYTWY,0.09650662,0.00013389565,0
YVLDHLIVV,YYAMYQENVAHTDENIAYWIYDYTWVAGNTAYEW,0.15661126,0.009634188,0
KLGGALQAK,YYSMYRDYVAHTDENIAYLMFHYYTWAVLAYTWY,-0.048485406,2.0591179e-07,0
FPVTPQVPL,YFAMYQENVAYLDJIAIWNYRYYTWAVDAYTWY,-0.0048783207,0.00038426075,0
VVDADDTFL,YYAMYQENVAHTDANTLYIMYRDYTWAVLAYTWY,0.02840624,3.9643273e-05,0
CTELKLSDY,YFAMYQENVAHTDENIAYLMFHYYTWAVDAYTWY,-0.09747539,1.2918275e-07,0
GSEELRSLY,YFAMYQENVAHKYQVNLYLMFHYYTWAVDAYTWY,-0.032904275,3.310493e-06,0
LLWNGPMAV,YYAMYGENVAHTDENIAYIMHYDYTWAEWAYTWY,0.09423114,0.0013234119,0
SLYNTVATL,YYAMYGENVAHTDANTLYIMYRDYTWAEWAYTWY,0.36509827,0.25738674,0
RMFPNAPYL,YYAMYQENVAHTDANTLYIRSNVTRVAGNTAYEW,0.33262104,0.2847362,0
ILKEPVHGV,YYAMYQENVAHNDTQFMYIRYQSWADHPFWGQYWEG,0.5049335,0.6371628,1
SLFNTVATL,YYAMYGENVAHTDANTLYIMYRDYTWAEWAYTWY,0.32103997,0.18693535,0
